ticker,expiration,option_type,snapshot_time_utc,source,contractSymbol,lastTradeDate,strike,lastPrice,bid,ask,change,percentChange,volume,openInterest,impliedVolatility,inTheMoney,contractSize,currency,mid_price,bid_ask_spread,spread_pct,expiration_datetime_utc,snapshot_datetime_utc,days_to_expiry,time_to_maturity,underlying_price,moneyness,log_moneyness,flag_missing_bid_ask,flag_negative_bid_ask,flag_crossed_market,flag_zero_bid,flag_zero_ask,flag_invalid_mid,flag_wide_spread,flag_missing_strike,flag_nonpositive_strike,flag_missing_expiration,flag_expired_contract,flag_low_liquidity,is_excluded,exclusion_reason,IV_ask,IV_bid,IV_mid,IV_range,IV_relative_range
SPY,2026-06-21,call,2026-06-14T16:00:00+00:00,sample,SPY20260621C00540000,2026-06-14T16:00:00+00:00,540.0,66.6,0.0,70.76,0.0,0.0,260,2020,0.2538,True,REGULAR,USD,35.38,70.76,2.0,2026-06-21 23:59:59+00:00,2026-06-14 16:00:00+00:00,7.33332175925926,0.020077540750880928,600.0,1.1111111111111112,-0.10536051565782628,False,False,False,True,False,False,True,False,False,False,False,False,True,zero bid,,,,,
SPY,2026-06-21,put,2026-06-14T16:00:00+00:00,sample,SPY20260621P00540000,2026-06-14T16:00:00+00:00,540.0,6.6,6.19,7.01,0.0,0.0,260,2020,0.2538,False,REGULAR,USD,6.6,0.8199999999999994,0.12424242424242415,2026-06-21 23:59:59+00:00,2026-06-14 16:00:00+00:00,7.33332175925926,0.020077540750880928,600.0,1.1111111111111112,-0.10536051565782628,False,False,False,False,False,False,False,False,False,False,False,False,False,retained,0.8453235982080384,0.8067842018664033,0.8262380643829054,0.03853939634163506,0.04664442126667098
SPY,2026-06-21,call,2026-06-14T16:00:00+00:00,sample,SPY20260621C00560000,2026-06-14T16:00:00+00:00,560.0,47.7,45.5,49.9,0.0,0.0,340,2180,0.2283,True,REGULAR,USD,47.7,4.399999999999999,0.0922431865828092,2026-06-21 23:59:59+00:00,2026-06-14 16:00:00+00:00,7.33332175925926,0.020077540750880928,600.0,1.0714285714285714,-0.06899287148695143,False,False,False,False,False,False,False,False,False,False,False,False,False,retained,0.7499114821662588,0.5716085629444664,0.6641217331615779,0.17830291922179242,0.2684792716735444
SPY,2026-06-21,put,2026-06-14T16:00:00+00:00,sample,SPY20260621P00560000,2026-06-14T16:00:00+00:00,560.0,7.7,7.35,8.05,0.0,0.0,340,2180,0.2283,False,REGULAR,USD,7.7,0.7000000000000011,0.09090909090909105,2026-06-21 23:59:59+00:00,2026-06-14 16:00:00+00:00,7.33332175925926,0.020077540750880928,600.0,1.0714285714285714,-0.06899287148695143,False,False,False,False,False,False,False,False,False,False,False,False,False,retained,0.6958965904073364,0.668121483422829,0.6820824809986278,0.02777510698450747,0.040721038522851825
SPY,2026-06-21,call,2026-06-14T16:00:00+00:00,sample,SPY20260621C00580000,2026-06-14T16:00:00+00:00,580.0,28.8,27.93,29.67,0.0,0.0,420,2340,0.2037,True,REGULAR,USD,28.8,1.740000000000002,0.060416666666666737,2026-06-21 23:59:59+00:00,2026-06-14 16:00:00+00:00,7.33332175925926,0.020077540750880928,600.0,1.0344827586206897,-0.03390155167568134,False,False,False,False,False,False,False,False,False,False,False,False,False,retained,0.5273144417461959,0.46833914068243854,0.49803768916915914,0.05897530106375737,0.1184153375262456
SPY,2026-06-21,put,2026-06-14T16:00:00+00:00,sample,SPY20260621P00580000,2026-06-14T16:00:00+00:00,580.0,8.8,8.53,8.28,0.0,0.0,420,2340,0.2037,False,REGULAR,USD,8.405,-0.25,-0.0297441998810232,2026-06-21 23:59:59+00:00,2026-06-14 16:00:00+00:00,7.33332175925926,0.020077540750880928,600.0,1.0344827586206897,-0.03390155167568134,False,False,True,False,False,False,False,False,False,False,False,False,True,crossed market,,,,,
SPY,2026-06-21,call,2026-06-14T16:00:00+00:00,sample,SPY20260621C00600000,2026-06-14T16:00:00+00:00,600.0,9.9,9.75,10.05,0.0,0.0,500,2500,0.18,False,REGULAR,USD,9.9,0.3000000000000007,0.030303030303030373,2026-06-21 23:59:59+00:00,2026-06-14 16:00:00+00:00,7.33332175925926,0.020077540750880928,600.0,1.0,0.0,False,False,False,False,False,False,False,False,False,False,False,False,False,retained,0.28929235564262235,0.2804400990884509,0.2848662273655366,0.008852256554171434,0.03107513528731623
SPY,2026-06-21,put,2026-06-14T16:00:00+00:00,sample,SPY20260621P00600000,2026-06-14T16:00:00+00:00,600.0,9.9,9.75,10.05,0.0,0.0,500,2500,0.18,False,REGULAR,USD,9.9,0.3000000000000007,0.030303030303030373,2026-06-21 23:59:59+00:00,2026-06-14 16:00:00+00:00,7.33332175925926,0.020077540750880928,600.0,1.0,0.0,False,False,False,False,False,False,False,False,False,False,False,False,False,retained,0.30350517347900763,0.2946529169248361,0.29907904520192186,0.008852256554171545,0.029598384427752148
SPY,2026-06-21,call,2026-06-14T16:00:00+00:00,sample,SPY20260621C00620000,2026-06-14T16:00:00+00:00,620.0,8.8,8.54,9.06,0.0,0.0,420,2340,0.203,False,REGULAR,USD,8.8,0.5200000000000014,0.05909090909090924,2026-06-21 23:59:59+00:00,2026-06-14 16:00:00+00:00,7.33332175925926,0.020077540750880928,600.0,0.967741935483871,0.03278982282299097,False,False,False,False,False,False,False,False,False,False,False,False,False,retained,0.49532357358568335,0.4785128691998889,0.4869337372237761,0.01681070438579446,0.03452359756717557
SPY,2026-06-21,put,2026-06-14T16:00:00+00:00,sample,SPY20260621P00620000,2026-06-14T16:00:00+00:00,620.0,28.8,27.94,29.66,0.0,0.0,420,2340,0.203,True,REGULAR,USD,28.8,1.7199999999999989,0.059722222222222184,2026-06-21 23:59:59+00:00,2026-06-14 16:00:00+00:00,7.33332175925926,0.020077540750880928,600.0,0.967741935483871,0.03278982282299097,False,False,False,False,False,False,False,False,False,False,False,False,False,retained,0.530441673314696,0.4751914196605216,0.502968929456791,0.055250253654174464,0.10984824393396432
SPY,2026-06-21,call,2026-06-14T16:00:00+00:00,sample,SPY20260621C00640000,2026-06-14T16:00:00+00:00,640.0,7.7,7.36,8.04,0.0,0.0,340,2180,0.2252,False,REGULAR,USD,7.699999999999999,0.6799999999999988,0.08831168831168816,2026-06-21 23:59:59+00:00,2026-06-14 16:00:00+00:00,7.33332175925926,0.020077540750880928,600.0,0.9375,0.06453852113757116,False,False,False,False,False,False,False,False,False,False,False,False,False,retained,0.6420842240149846,0.6169897608873156,0.6296005924570505,0.025094463127668942,0.039857750180533405
SPY,2026-06-21,put,2026-06-14T16:00:00+00:00,sample,SPY20260621P00640000,2026-06-14T16:00:00+00:00,640.0,47.7,45.6,49.8,0.0,0.0,340,2180,0.2252,True,REGULAR,USD,47.7,4.199999999999996,0.08805031446540872,2026-06-21 23:59:59+00:00,2026-06-14 16:00:00+00:00,7.33332175925926,0.020077540750880928,600.0,0.9375,0.06453852113757116,False,False,False,False,False,False,False,False,False,False,False,False,False,retained,0.7229198222012799,0.5694865635090564,0.6484188181302788,0.15343325869222357,0.2366267825703296
SPY,2026-06-21,call,2026-06-14T16:00:00+00:00,sample,SPY20260621C00660000,2026-06-14T16:00:00+00:00,660.0,6.6,,6.98,0.0,0.0,260,2020,0.2467,False,REGULAR,USD,,,,2026-06-21 23:59:59+00:00,2026-06-14 16:00:00+00:00,7.33332175925926,0.020077540750880928,600.0,0.9090909090909091,0.09531017980432493,True,False,False,False,False,True,True,False,False,False,False,False,True,missing bid/ask,,,,,
SPY,2026-06-21,put,2026-06-14T16:00:00+00:00,sample,SPY20260621P00660000,2026-06-14T16:00:00+00:00,660.0,66.6,62.74,70.46,0.0,0.0,260,2020,0.2467,True,REGULAR,USD,66.6,7.719999999999992,0.1159159159159158,2026-06-21 23:59:59+00:00,2026-06-14 16:00:00+00:00,7.33332175925926,0.020077540750880928,600.0,0.9090909090909091,0.09531017980432493,False,False,False,False,False,False,False,False,False,False,False,False,False,retained,0.9117267913652233,0.5833051898313483,0.762028452099899,0.328421601533875,0.43098338471333114
SPY,2026-07-19,call,2026-06-14T16:00:00+00:00,sample,SPY20260719C00540000,2026-06-14T16:00:00+00:00,540.0,72.0,67.51,76.49,0.0,0.0,340,2220,0.2638,True,REGULAR,USD,72.0,8.97999999999999,0.12472222222222208,2026-07-19 23:59:59+00:00,2026-06-14 16:00:00+00:00,35.333321759259256,0.09673736279057976,600.0,1.1111111111111112,-0.10536051565782628,False,False,False,False,False,False,False,False,False,False,False,False,False,retained,0.5332457173879911,0.35721485226481964,0.45070170141250454,0.17603086512317145,0.39057066918427114
SPY,2026-07-19,put,2026-06-14T16:00:00+00:00,sample,SPY20260719P00540000,2026-06-14T16:00:00+00:00,540.0,12.0,11.25,12.75,0.0,0.0,340,2220,0.2638,False,REGULAR,USD,12.0,1.5,0.125,2026-07-19 23:59:59+00:00,2026-06-14 16:00:00+00:00,35.333321759259256,0.09673736279057976,600.0,1.1111111111111112,-0.10536051565782628,False,False,False,False,False,False,False,False,False,False,False,False,False,retained,0.5036208178757411,0.4760205573564228,0.4899195381743814,0.027600260519318298,0.05633631314678104
SPY,2026-07-19,call,2026-06-14T16:00:00+00:00,sample,SPY20260719C00560000,2026-06-14T16:00:00+00:00,560.0,54.0,51.51,56.49,0.0,0.0,420,2380,0.2383,True,REGULAR,USD,54.0,4.980000000000004,0.0922222222222223,2026-07-19 23:59:59+00:00,2026-06-14 16:00:00+00:00,35.333321759259256,0.09673736279057976,600.0,1.0714285714285714,-0.06899287148695143,False,False,False,False,False,False,False,False,False,False,False,False,False,retained,0.4313276625379082,0.34790231755987744,0.3904206491073836,0.08342534497803078,0.21368066768180843
SPY,2026-07-19,put,2026-06-14T16:00:00+00:00,sample,SPY20260719P00560000,2026-06-14T16:00:00+00:00,560.0,14.0,13.36,14.64,0.0,0.0,420,2380,0.2383,False,REGULAR,USD,14.0,1.2800000000000011,0.09142857142857151,2026-07-19 23:59:59+00:00,2026-06-14 16:00:00+00:00,35.333321759259256,0.09673736279057976,600.0,1.0714285714285714,-0.06899287148695143,False,False,False,False,False,False,False,False,False,False,False,False,False,retained,0.43637932281035374,0.41559032583113564,0.42602264532293577,0.0207889969792181,0.0487978683937318
SPY,2026-07-19,call,2026-06-14T16:00:00+00:00,sample,SPY20260719C00580000,2026-06-14T16:00:00+00:00,580.0,36.0,34.91,37.09,0.0,0.0,500,2540,0.2137,True,REGULAR,USD,36.0,2.180000000000007,0.060555555555555744,2026-07-19 23:59:59+00:00,2026-06-14 16:00:00+00:00,35.333321759259256,0.09673736279057976,600.0,1.0344827586206897,-0.03390155167568134,False,False,False,False,False,False,False,False,False,False,False,False,False,retained,0.3337458261015396,0.3015987565500532,0.3177308621907998,0.032147069551486385,0.10117704440112532
SPY,2026-07-19,put,2026-06-14T16:00:00+00:00,sample,SPY20260719P00580000,2026-06-14T16:00:00+00:00,580.0,16.0,15.52,16.48,0.0,0.0,500,2540,0.2137,False,REGULAR,USD,16.0,0.9600000000000009,0.06000000000000005,2026-07-19 23:59:59+00:00,2026-06-14 16:00:00+00:00,35.333321759259256,0.09673736279057976,600.0,1.0344827586206897,-0.03390155167568134,False,False,False,False,False,False,False,False,False,False,False,False,False,retained,0.35751362048700275,0.34353920255558745,0.350534569905417,0.013974417931415295,0.03986601930641518
SPY,2026-07-19,call,2026-06-14T16:00:00+00:00,sample,SPY20260719C00600000,2026-06-14T16:00:00+00:00,600.0,18.0,17.73,62.055,0.0,0.0,580,2700,0.19,False,REGULAR,USD,39.8925,44.325,1.1111111111111112,2026-07-19 23:59:59+00:00,2026-06-14 16:00:00+00:00,35.333321759259256,0.09673736279057976,600.0,1.0,0.0,False,False,False,False,False,False,True,False,False,False,False,False,True,wide spread,,,,,
SPY,2026-07-19,put,2026-06-14T16:00:00+00:00,sample,SPY20260719P00600000,2026-06-14T16:00:00+00:00,600.0,18.0,17.73,18.27,0.0,0.0,580,2700,0.19,False,REGULAR,USD,18.0,0.5399999999999991,0.029999999999999954,2026-07-19 23:59:59+00:00,2026-06-14 16:00:00+00:00,35.333321759259256,0.09673736279057976,600.0,1.0,0.0,False,False,False,False,False,False,False,False,False,False,False,False,False,retained,0.26124637354146313,0.25396470837623075,0.2576055642419066,0.007281665165232376,0.028266723145756543
SPY,2026-07-19,call,2026-06-14T16:00:00+00:00,sample,SPY20260719C00620000,2026-06-14T16:00:00+00:00,620.0,16.0,15.52,16.48,0.0,0.0,500,2540,0.213,False,REGULAR,USD,16.0,0.9600000000000009,0.06000000000000005,2026-07-19 23:59:59+00:00,2026-06-14 16:00:00+00:00,35.333321759259256,0.09673736279057976,600.0,0.967741935483871,0.03278982282299097,False,False,False,False,False,False,False,False,False,False,False,False,False,retained,0.32148645697472056,0.3081941023076382,0.31484624010446494,0.01329235466708234,0.0422185593281088
SPY,2026-07-19,put,2026-06-14T16:00:00+00:00,sample,SPY20260719P00620000,2026-06-14T16:00:00+00:00,620.0,36.0,34.93,37.07,0.0,0.0,500,2540,0.213,True,REGULAR,USD,36.0,2.1400000000000006,0.05944444444444446,2026-07-19 23:59:59+00:00,2026-06-14 16:00:00+00:00,35.333321759259256,0.09673736279057976,600.0,0.967741935483871,0.03278982282299097,False,False,False,False,False,False,False,False,False,False,False,False,False,retained,0.36254916888212974,0.3331419007855897,0.3478668714297768,0.02940726809654004,0.08453598348032526
SPY,2026-07-19,call,2026-06-14T16:00:00+00:00,sample,SPY20260719C00640000,2026-06-14T16:00:00+00:00,640.0,14.0,13.38,14.62,0.0,0.0,420,2380,0.2352,False,REGULAR,USD,14.0,1.2399999999999984,0.08857142857142845,2026-07-19 23:59:59+00:00,2026-06-14 16:00:00+00:00,35.333321759259256,0.09673736279057976,600.0,0.9375,0.06453852113757116,False,False,False,False,False,False,False,False,False,False,False,False,False,retained,0.3870157717084681,0.36852028649569846,0.3777978221052867,0.01849548521276967,0.048956039793197244
SPY,2026-07-19,put,2026-06-14T16:00:00+00:00,sample,SPY20260719P00640000,2026-06-14T16:00:00+00:00,640.0,54.0,51.62,56.38,0.0,0.0,420,2380,0.2352,True,REGULAR,USD,54.0,4.760000000000005,0.08814814814814824,2026-07-19 23:59:59+00:00,2026-06-14 16:00:00+00:00,35.333321759259256,0.09673736279057976,600.0,0.9375,0.06453852113757116,False,False,False,False,False,False,False,False,False,False,False,False,False,retained,0.4486700402487648,0.37916468672177384,0.4142372261595483,0.06950535352699094,0.16779118132714646
SPY,2026-07-19,call,2026-06-14T16:00:00+00:00,sample,SPY20260719C00660000,2026-06-14T16:00:00+00:00,660.0,12.0,11.31,12.69,0.0,0.0,340,2220,0.2567,False,REGULAR,USD,12.0,1.379999999999999,0.11499999999999992,2026-07-19 23:59:59+00:00,2026-06-14 16:00:00+00:00,35.333321759259256,0.09673736279057976,600.0,0.9090909090909091,0.09531017980432493,False,False,False,False,False,False,False,False,False,False,False,False,False,retained,0.43598007421569157,0.41342572770968267,0.4247740213968736,0.022554346506008904,0.053097283190338976
SPY,2026-07-19,put,2026-06-14T16:00:00+00:00,sample,SPY20260719P00660000,2026-06-14T16:00:00+00:00,660.0,72.0,67.83,76.17,0.0,0.0,0,0,0.2567,True,REGULAR,USD,72.0,8.340000000000003,0.11583333333333339,2026-07-19 23:59:59+00:00,2026-06-14 16:00:00+00:00,35.333321759259256,0.09673736279057976,600.0,0.9090909090909091,0.09531017980432493,False,False,False,False,False,False,False,False,False,False,False,True,True,low liquidity,,,,,
SPY,2026-09-18,call,2026-06-14T16:00:00+00:00,sample,SPY20260918C00540000,2026-06-14T16:00:00+00:00,540.0,78.6,73.69,83.51,0.0,0.0,420,2420,0.2738,True,REGULAR,USD,78.6,9.820000000000007,0.12493638676844794,2026-09-18 23:59:59+00:00,2026-06-14 16:00:00+00:00,96.33332175925926,0.26374626080563796,600.0,1.1111111111111112,-0.10536051565782628,False,False,False,False,False,False,False,False,False,False,False,False,False,retained,0.3703344280024151,0.2598258740686309,0.3175788703770209,0.11050855393378423,0.34797199764137804
SPY,2026-09-18,put,2026-06-14T16:00:00+00:00,sample,SPY20260918P00540000,2026-06-14T16:00:00+00:00,540.0,18.6,17.44,19.76,0.0,0.0,420,2420,0.2738,False,REGULAR,USD,18.6,2.3200000000000003,0.12473118279569893,2026-09-18 23:59:59+00:00,2026-06-14 16:00:00+00:00,96.33332175925926,0.26374626080563796,600.0,1.1111111111111112,-0.10536051565782628,False,False,False,False,False,False,False,False,False,False,False,False,False,retained,0.3901385515559521,0.36612356558217296,0.37819722902475483,0.024014985973779157,0.06349857727859572
SPY,2026-09-18,call,2026-06-14T16:00:00+00:00,sample,SPY20260918C00560000,2026-06-14T16:00:00+00:00,560.0,61.7,58.86,64.54,0.0,0.0,500,2580,0.2483,True,REGULAR,USD,61.7,5.680000000000007,0.09205834683954629,2026-09-18 23:59:59+00:00,2026-06-14 16:00:00+00:00,96.33332175925926,0.26374626080563796,600.0,1.0714285714285714,-0.06899287148695143,False,False,False,False,False,False,False,False,False,False,False,False,False,retained,0.3150365092684049,0.25920427225374987,0.2875108290459457,0.055832237014655006,0.1941917707932063
SPY,2026-09-18,put,2026-06-14T16:00:00+00:00,sample,SPY20260918P00560000,2026-06-14T16:00:00+00:00,560.0,21.7,20.7,22.7,0.0,0.0,500,2580,0.2483,False,REGULAR,USD,21.7,2.0,0.09216589861751152,2026-09-18 23:59:59+00:00,2026-06-14 16:00:00+00:00,96.33332175925926,0.26374626080563796,600.0,1.0714285714285714,-0.06899287148695143,False,False,False,False,False,False,False,False,False,False,False,False,False,retained,0.35323641065981426,0.3344243875936921,0.343855516891567,0.018812023066122174,0.05470909187725624
SPY,2026-09-18,call,2026-06-14T16:00:00+00:00,sample,SPY20260918C00580000,2026-06-14T16:00:00+00:00,580.0,44.8,43.44,46.16,0.0,0.0,580,2740,0.2237,True,REGULAR,USD,44.8,2.719999999999999,0.06071428571428569,2026-09-18 23:59:59+00:00,2026-06-14 16:00:00+00:00,96.33332175925926,0.26374626080563796,600.0,1.0344827586206897,-0.03390155167568134,False,False,False,False,False,False,False,False,False,False,False,False,False,retained,0.2614140395110379,0.23733291102123819,0.24940737540107402,0.024081128489799736,0.09655339362388413
SPY,2026-09-18,put,2026-06-14T16:00:00+00:00,sample,SPY20260918P00580000,2026-06-14T16:00:00+00:00,580.0,24.8,24.05,25.55,0.0,0.0,580,2740,0.2237,False,REGULAR,USD,24.8,1.5,0.06048387096774193,2026-09-18 23:59:59+00:00,2026-06-14 16:00:00+00:00,96.33332175925926,0.26374626080563796,600.0,1.0344827586206897,-0.03390155167568134,False,False,False,False,False,False,False,False,False,False,False,False,False,retained,0.3092559402154925,0.29621945706138586,0.3027430164892767,0.01303648315410666,0.0430612184065637
SPY,2026-09-18,call,2026-06-14T16:00:00+00:00,sample,SPY20260918C00600000,2026-06-14T16:00:00+00:00,600.0,27.9,27.48,28.32,0.0,0.0,660,2900,0.2,False,REGULAR,USD,27.9,0.8399999999999999,0.030107526881720425,2026-09-18 23:59:59+00:00,2026-06-14 16:00:00+00:00,96.33332175925926,0.26374626080563796,600.0,1.0,0.0,False,False,False,False,False,False,False,False,False,False,False,False,False,retained,0.2049131875273381,0.19799877071950397,0.20145621195401817,0.006914416807834112,0.03432218217928325
SPY,2026-09-18,put,2026-06-14T16:00:00+00:00,sample,SPY20260918P00600000,2026-06-14T16:00:00+00:00,600.0,27.9,27.48,28.32,0.0,0.0,660,2900,0.2,False,REGULAR,USD,27.9,0.8399999999999999,0.030107526881720425,2026-09-18 23:59:59+00:00,2026-06-14 16:00:00+00:00,96.33332175925926,0.26374626080563796,600.0,1.0,0.0,False,False,False,False,False,False,False,False,False,False,False,False,False,retained,0.2567040441699828,0.24979746909665873,0.2532508125126641,0.006906575073324095,0.027271679821278847
SPY,2026-09-18,call,2026-06-14T16:00:00+00:00,sample,SPY20260918C00620000,2026-06-14T16:00:00+00:00,620.0,24.8,24.06,25.54,0.0,0.0,580,2740,0.223,False,REGULAR,USD,24.799999999999997,1.4800000000000004,0.05967741935483874,2026-09-18 23:59:59+00:00,2026-06-14 16:00:00+00:00,96.33332175925926,0.26374626080563796,600.0,0.967741935483871,0.03278982282299097,False,False,False,False,False,False,False,False,False,False,False,False,False,retained,0.25626745886077174,0.24415639351107363,0.250213826083595,0.012111065349698108,0.04840286222093847
SPY,2026-09-18,put,2026-06-14T16:00:00+00:00,sample,SPY20260918P00620000,2026-06-14T16:00:00+00:00,620.0,44.8,43.47,46.13,0.0,0.0,580,2740,0.223,True,REGULAR,USD,44.8,2.6600000000000037,0.05937500000000009,2026-09-18 23:59:59+00:00,2026-06-14 16:00:00+00:00,96.33332175925926,0.26374626080563796,600.0,0.967741935483871,0.03278982282299097,False,False,False,False,False,False,False,False,False,False,False,False,False,retained,0.3141820954828839,0.2924977065330576,0.3033426949751359,0.021684388949826272,0.07148479033458735
SPY,2026-09-18,call,2026-06-14T16:00:00+00:00,sample,SPY20260918C00640000,2026-06-14T16:00:00+00:00,640.0,21.7,20.74,22.66,0.0,0.0,500,2580,0.2452,False,REGULAR,USD,21.7,1.9200000000000017,0.08847926267281114,2026-09-18 23:59:59+00:00,2026-06-14 16:00:00+00:00,96.33332175925926,0.26374626080563796,600.0,0.9375,0.06453852113757116,False,False,False,False,False,False,False,False,False,False,False,False,False,retained,0.2927412100847159,0.2764205116603281,0.28459621837870586,0.01632069842438777,0.057346856249053106
SPY,2026-09-18,put,2026-06-14T16:00:00+00:00,sample,SPY20260918P00640000,2026-06-14T16:00:00+00:00,640.0,61.7,58.98,64.42,0.0,0.0,500,2580,0.2452,True,REGULAR,USD,61.7,5.440000000000005,0.08816855753646685,2026-09-18 23:59:59+00:00,2026-06-14 16:00:00+00:00,96.33332175925926,0.26374626080563796,600.0,0.9375,0.06453852113757116,False,False,False,False,False,False,False,False,False,False,False,False,False,retained,0.3636851027992013,0.3183312298552263,0.34107434609612997,0.04535387294397497,0.13297356855795958
SPY,2026-09-18,call,2026-06-14T16:00:00+00:00,sample,SPY20260918C00660000,2026-06-14T16:00:00+00:00,660.0,18.6,17.52,19.68,0.0,0.0,420,2420,0.2667,False,REGULAR,USD,18.6,2.16,0.11612903225806452,2026-09-18 23:59:59+00:00,2026-06-14 16:00:00+00:00,96.33332175925926,0.26374626080563796,600.0,0.9090909090909091,0.09531017980432493,False,False,False,False,False,False,False,False,False,False,False,False,False,retained,0.31876975231500515,0.2992822411206123,0.30906887480056844,0.019487511194392848,0.06305232517175167
SPY,2026-09-18,put,2026-06-14T16:00:00+00:00,sample,SPY20260918P00660000,2026-06-14T16:00:00+00:00,660.0,78.6,74.05,83.15,0.0,0.0,420,2420,0.2667,True,REGULAR,USD,78.6,9.100000000000009,0.1157760814249365,2026-09-18 23:59:59+00:00,2026-06-14 16:00:00+00:00,96.33332175925926,0.26374626080563796,600.0,0.9090909090909091,0.09531017980432493,False,False,False,False,False,False,False,False,False,False,False,False,False,retained,0.4091414770852383,0.3303130276574212,0.3701310085663515,0.07882844942781708,0.2129744539187559
